#k_1,k_2,absolute value of peak,phase of peak
-70.,-10.,0.014457346325668734,1.8827796033865734
-70.,0.,0.02262438115775496,-0.6306241700985792
-70.,10.,0.014457256130529943,3.1391325336535214
-50.,-10.,0.02025883655848397,2.511762056183951
-50.,0.,0.031677806681509144,-0.0016554988847027074
-50.,10.,0.020258835346071705,-2.5150711997003024
-30.,-30.,0.011257907545440178,-1.25719658569553
-30.,-10.,0.03376335217502071,3.14074389703545
-30.,0.,0.05282213669693982,0.627320788256731
-30.,10.,0.03376344026496529,-1.8860932524041076
-30.,30.,0.011257995500549603,2.5118481259654373
-10.,-70.,0.014454076868637493,-3.140902089621907
-10.,-50.,0.020256556036498743,1.257035831631694
-10.,-30.,0.033762097477765526,-0.6282116187748428
-10.,-10.,0.10132115169716438,-2.513459096655163
-10.,0.,0.15847171241284436,1.2563034532275066
-10.,10.,0.10132129490562544,-1.2571140747850527
-10.,30.,0.03376224072979339,3.140823335621752
-10.,50.,0.02025669919664366,1.2555756659171406
-10.,70.,0.0144542201594667,-0.6296729779554613
0.,-70.,0.022630247860883988,1.8859763314082323
0.,-50.,0.031689532634178674,0.0007291833941968138
0.,-30.,0.052845887042763634,-1.8845181610945057
0.,-10.,0.1585496324700577,2.5134199388144043
0.,0.,0.24800706159377986,-2.7469019804639805e-17
0.,10.,0.15854963247005774,-2.5134199388144043
0.,30.,0.05284588704276363,1.8845181610945054
0.,50.,0.03168953263417867,-0.0007291833941968797
0.,70.,0.022630247860883985,-1.885976331408232
10.,-70.,0.014454220159466702,0.6296729779554613
10.,-50.,0.020256699196643663,-1.2555756659171409
10.,-30.,0.03376224072979339,-3.140823335621752
10.,-10.,0.10132129490562546,1.2571140747850527
10.,0.,0.15847171241284436,-1.2563034532275066
10.,10.,0.10132115169716438,2.513459096655163
10.,30.,0.033762097477765526,0.6282116187748426
10.,50.,0.020256556036498733,-1.257035831631694
10.,70.,0.014454076868637486,3.140902089621907
30.,-30.,0.011257995500549602,-2.5118481259654373
30.,-10.,0.033763440264965285,1.8860932524041076
30.,0.,0.0528221366969398,-0.6273207882567307
30.,10.,0.033763352175020696,-3.14074389703545
30.,30.,0.011257907545440177,1.2571965856955303
50.,-10.,0.02025883534607171,2.5150711997003024
50.,0.,0.031677806681509144,0.00165549888470259
50.,10.,0.020258836558483977,-2.5117620561839513
70.,-10.,0.014457256130529951,-3.1391325336535214
70.,0.,0.02262438115775496,0.6306241700985793
70.,10.,0.014457346325668741,-1.8827796033865731