#k_1,k_2,gauge function,gauge error,amplitudes,relative amplitudedifference
10,0,0.8030477210204251,0,0.1584717124,-0.0004914555699142956
0,10,0.5999701119418622,0,0.15854963249999998,0.0004914555699142956
-50,0,0.9847594152617815,-1.979636092386272e-6,0.031677806700000005,-0.00037002439095599956
-30,-30,0.7909439342813805,-2.5668317578109168e-6,0.011257907500000002,-7.816666829991962e-6
-30,-10,0.9908854533362007,-1.2716606616614001e-6,0.0337633522,0.00003292030937588252
-30,0,0.5908563437302226,-4.932085020392662e-7,0.052822136699999994,-0.0004494257045967244
-30,10,0.19082600857401869,-9.403065681645728e-7,0.033763440299999996,0.0000397708286853162
-30,30,0.39076583217656324,-1.3405877479222283e-6,0.0112579955,7.816666829991962e-6
-10,-30,0.3970400249455347,-1.9182084538549304e-6,0.0337620975,-0.0000397708286853162
-10,-10,0.5969813347879334,-8.322497793145089e-7,0.1013211517,-1.4133257982749129e-6
-10,0,0.19695227897957493,0.,0.1584717124,-0.0004914555699142956
-10,10,0.796922455789743,6.486830583796177e-8,0.1013212949,1.4133257982749129e-6
-10,30,0.9968633332081611,7.184029996443186e-7,0.03376224070000001,-0.00003292030937588252
0,-50,0.00014742769068764228,-2.0126000013220846e-6,0.0316895326,0.00037002439095599956
0,-30,0.2000891763232643,-4.878511490336024e-7,0.05284588700000001,0.0004494257045967244
0,-10,0.4000298880581378,0.,0.15854963249999998,0.0004914555699142956
0,30,0.7999108236767357,4.878511491446247e-7,0.05284588700000001,0.0004494257045967244
0,50,0.9998525723093123,2.01260000110004e-6,0.0316895326,0.00037002439095599956
10,-30,0.0031366667918388746,-7.184029996443186e-7,0.03376224070000001,-0.00003292030937588252
10,-10,0.2030775442102571,-6.486830578245062e-8,0.1013212949,1.4133257982749129e-6
10,10,0.40301866521206664,8.322497793145089e-7,0.1013211517,-1.4133257982749129e-6
10,30,0.6029599750544653,1.9182084538549304e-6,0.0337620975,-0.0000397708286853162
30,-30,0.6092341678234368,1.3405877479222283e-6,0.0112579955,7.816666829991962e-6
30,-10,0.8091739914259813,9.403065682755951e-7,0.033763440299999996,0.0000397708286853162
30,0,0.4091436562697774,4.932085020392662e-7,0.052822136699999994,-0.0004494257045967244
30,10,0.009114546663799294,1.2716606616614001e-6,0.0337633522,0.00003292030937588252
30,30,0.20905606571861948,2.5668317578109168e-6,0.011257907500000002,-7.816666829991962e-6
50,0,0.015240584738218512,1.9796360928303613e-6,0.031677806700000005,-0.00037002439095599956