# k_x,k_y,Abs(fourier(rho)),Arg(fourier(rho))
-50.0000000000,0.0000000000,0.0316778067,0.0474165513
0.0000000000,-50.0000000000,0.0316895326,-0.0483428668
0.0000000000,50.0000000000,0.0316895326,0.0483428668
50.0000000000,0.0000000000,0.0316778067,-0.0474165513
-30.0000000000,-30.0000000000,0.0112579075,-1.2571965857
-30.0000000000,30.0000000000,0.0112579955,2.5707345862
30.0000000000,-30.0000000000,0.0112579955,-2.5707345862
30.0000000000,30.0000000000,0.0112579075,1.2571965857
-30.0000000000,-10.0000000000,0.0337633522,-3.1228125901
-30.0000000000,10.0000000000,0.0337634403,-1.8468356122
10.0000000000,-30.0000000000,0.0337622407,3.1031043314
10.0000000000,30.0000000000,0.0337620975,0.6478404389
-10.0000000000,-30.0000000000,0.0337620975,-0.6478404389
30.0000000000,10.0000000000,0.0337633522,3.1228125901
-10.0000000000,30.0000000000,0.0337622407,-3.1031043314
30.0000000000,-10.0000000000,0.0337634403,1.8468356122
-30.0000000000,0.0000000000,0.0528221367,0.6567640184
0.0000000000,-30.0000000000,0.0528458870,-1.9139613912
0.0000000000,30.0000000000,0.0528458870,1.9139613912
30.0000000000,0.0000000000,0.0528221367,-0.6567640184
-10.0000000000,-10.0000000000,0.1013211517,-2.5134590967
-10.0000000000,10.0000000000,0.1013212949,-1.2374852547
10.0000000000,-10.0000000000,0.1013212949,1.2374852547
10.0000000000,10.0000000000,0.1013211517,2.5134590967
-10.0000000000,0.0000000000,0.1584717124,1.2661178633
0.0000000000,-10.0000000000,0.1585496325,2.5036055288
0.0000000000,10.0000000000,0.1585496325,-2.5036055288
10.0000000000,0.0000000000,0.1584717124,-1.2661178633
